{
  "train_loss": [
    0.04289779993555238,
    0.04032445993995474,
    0.03755640179039009,
    0.03838717979529212,
    0.03794453856084616,
    0.03668868721973512,
    0.036796212220384227,
    0.03563305480225432,
    0.035153132088242035,
    0.03308818715233957,
    0.0322695298961574,
    0.03348547159543922,
    0.03324223484603628,
    0.032552191074336725,
    0.03287917030674796,
    0.032741929608727655,
    0.034204569152526315,
    0.03222726406229119,
    0.03120270380449872,
    0.030691660303742655,
    0.03697160460775898,
    0.03172966620974964,
    0.03552359054766355,
    0.032345370756041616,
    0.033471594071916994,
    0.03254363750137629,
    0.03233191316887256,
    0.03102588058719712,
    0.029951160286943758,
    0.030675190663145436,
    0.031807659259967265,
    0.03367352276559799,
    0.03628157135700026,
    0.04808023938488576,
    0.04231321967897877,
    0.05006907005463877,
    0.04130601262853992,
    0.04897680569800639,
    0.048292698098286506,
    0.053067046007321726,
    0.051207688871410584,
    0.05079758311471631,
    0.04672554829908956,
    0.04325015302146635,
    0.03841565995206756,
    0.03885870824658102,
    0.03813680255965841,
    0.03870269806995507,
    0.03794996346677503,
    0.036600287270642094
  ],
  "val_loss": [
    0.055314006787296886,
    0.04146860675835932,
    0.03991790654490123,
    0.040648670917427215,
    0.04214691078743419,
    0.04255151965126798,
    0.03883668684677498,
    0.04035784862935543,
    0.040179826671610006,
    0.037606115629141394,
    0.03775002082457413,
    0.03846375885847453,
    0.03911074558021249,
    0.03807205732005674,
    0.040541877013605995,
    0.03862711540549188,
    0.03892127419444355,
    0.03694206617168478,
    0.03896098981636602,
    0.03792183665004936,
    0.04080079677137169,
    0.03957002740856763,
    0.04295747410002593,
    0.04015359212015126,
    0.04044917880280598,
    0.040755397665339546,
    0.04162026825990226,
    0.04196811462374958,
    0.038575724220356426,
    0.038784043762732194,
    0.040563032081401024,
    0.04202801517739489,
    0.04315896795408146,
    0.044161776533803425,
    0.044095666626015224,
    0.047936519557559815,
    0.04766136377647116,
    0.052998358836850605,
    0.05989526494129284,
    0.06663491154039228,
    0.0642549474094365,
    0.08969925474878904,
    0.06528043011958534,
    0.06871274607004346,
    0.04391335338555478,
    0.06644943628359486,
    0.047200114642446105,
    0.04947018839821622,
    0.049353162632197946,
    0.043723109052390664
  ],
  "train_miou": [
    0.9750826954841614,
    0.976093053817749,
    0.9770157933235168,
    0.9764045476913452,
    0.9761306047439575,
    0.9767047166824341,
    0.9769644737243652,
    0.9776227474212646,
    0.9778806567192078,
    0.9791412353515625,
    0.9800915718078613,
    0.9793562889099121,
    0.9793795943260193,
    0.9796733856201172,
    0.9795808792114258,
    0.9797953367233276,
    0.9795169830322266,
    0.9802179336547852,
    0.9809212684631348,
    0.9811201095581055,
    0.9808986186981201,
    0.981570839881897,
    0.980887770652771,
    0.9811438918113708,
    0.9811440706253052,
    0.9810536503791809,
    0.9814077019691467,
    0.9820398688316345,
    0.9824853539466858,
    0.9828369617462158,
    0.9824276566505432,
    0.9816278219223022,
    0.9807149171829224,
    0.9761251211166382,
    0.9775640964508057,
    0.9798120260238647,
    0.9791277647018433,
    0.976390540599823,
    0.978438138961792,
    0.9775874614715576,
    0.978338360786438,
    0.9782373905181885,
    0.9791959524154663,
    0.9796657562255859,
    0.9802857637405396,
    0.9803657531738281,
    0.9805090427398682,
    0.9804898500442505,
    0.9805810451507568,
    0.9809335470199585
  ],
  "val_miou": [
    0.9735345840454102,
    0.9742239117622375,
    0.9742088317871094,
    0.9745382070541382,
    0.9746499061584473,
    0.9733294248580933,
    0.9746463298797607,
    0.9749883413314819,
    0.972206711769104,
    0.9768038988113403,
    0.9773244857788086,
    0.9755623936653137,
    0.9766740202903748,
    0.9765539169311523,
    0.9750508069992065,
    0.977046012878418,
    0.9771227836608887,
    0.9770298004150391,
    0.975232720375061,
    0.9765424728393555,
    0.9769291281700134,
    0.9777666330337524,
    0.9773832559585571,
    0.976447582244873,
    0.9760533571243286,
    0.9749908447265625,
    0.977769136428833,
    0.9775967597961426,
    0.977094292640686,
    0.9780797958374023,
    0.9765069484710693,
    0.9769763946533203,
    0.9746750593185425,
    0.9744668006896973,
    0.9757490754127502,
    0.973945140838623,
    0.974933922290802,
    0.9731813073158264,
    0.9707812070846558,
    0.9675384759902954,
    0.9692772626876831,
    0.9590730667114258,
    0.9677172303199768,
    0.9694382548332214,
    0.9760828614234924,
    0.9637654423713684,
    0.9735264778137207,
    0.9724841117858887,
    0.9725774526596069,
    0.9750676155090332
  ],
  "train_dice": [
    0.9873819947242737,
    0.9878995418548584,
    0.9883725643157959,
    0.9880592823028564,
    0.9879190921783447,
    0.9882130026817322,
    0.9883460998535156,
    0.9886829257011414,
    0.9888150691986084,
    0.9894589781761169,
    0.9899442195892334,
    0.9895689487457275,
    0.9895806312561035,
    0.9897310733795166,
    0.9896837472915649,
    0.989793062210083,
    0.9896507859230042,
    0.9900086522102356,
    0.9903674125671387,
    0.9904689788818359,
    0.9903556108474731,
    0.9906983971595764,
    0.9903502464294434,
    0.9904810786247253,
    0.9904809594154358,
    0.9904348254203796,
    0.9906154870986938,
    0.990937352180481,
    0.9911640882492065,
    0.9913431406021118,
    0.9911350011825562,
    0.9907276630401611,
    0.9902622699737549,
    0.9879162311553955,
    0.9886528253555298,
    0.9898015856742859,
    0.9894523620605469,
    0.988052248954773,
    0.9890999794006348,
    0.9886647462844849,
    0.9890487194061279,
    0.9889972805976868,
    0.9894869327545166,
    0.9897269606590271,
    0.9900434017181396,
    0.9900838136672974,
    0.9901570081710815,
    0.9901472330093384,
    0.9901940822601318,
    0.9903736114501953
  ],
  "val_dice": [
    0.9865875840187073,
    0.9869415760040283,
    0.9869338274002075,
    0.9871028661727905,
    0.9871601462364197,
    0.9864822626113892,
    0.9871583580970764,
    0.9873338937759399,
    0.9859049916267395,
    0.9882642030715942,
    0.988530695438385,
    0.9876281023025513,
    0.9881977438926697,
    0.9881361722946167,
    0.9873657822608948,
    0.988388180732727,
    0.9884275197982788,
    0.988379716873169,
    0.9874591827392578,
    0.9881303310394287,
    0.9883283376693726,
    0.9887567758560181,
    0.988560676574707,
    0.9880818128585815,
    0.9878798723220825,
    0.9873350858688354,
    0.9887581467628479,
    0.9886698722839355,
    0.9884128570556641,
    0.9889169931411743,
    0.9881120920181274,
    0.9883524179458618,
    0.9871731400489807,
    0.9870661497116089,
    0.9877239465713501,
    0.9867984652519226,
    0.9873058795928955,
    0.986406147480011,
    0.9851711988449097,
    0.983497679233551,
    0.9843957424163818,
    0.9791024923324585,
    0.9835900664329529,
    0.9844787120819092,
    0.9878949522972107,
    0.9815435409545898,
    0.9865832924842834,
    0.986047625541687,
    0.9860955476760864,
    0.9873743653297424
  ],