{
  "train_loss": [
    0.07201258892253522,
    0.05169378503436042,
    0.05028729558952393,
    0.04930216970462953,
    0.04881147495921581,
    0.04766462722853307,
    0.04779167381986495,
    0.04714876809908498,
    0.04570897755122954,
    0.045875656652835106,
    0.04612778683583583,
    0.046942933793029475,
    0.046322705608702476,
    0.04555737910972488,
    0.04527111776894139,
    0.044277259262819446,
    0.04434235345932745,
    0.045474732667207717,
    0.04522126271359382,
    0.04533530592678055,
    0.045218158224898,
    0.04706203015821595,
    0.04499679553893304,
    0.04622255921844513,
    0.04629631761100984,
    0.04589003635750663,
    0.0454367779796162,
    0.04413564646195981,
    0.043983755344825404,
    0.043552409569101946,
    0.04572996390202353,
    0.04640434207695146,
    0.04501421879376134,
    0.04511510799488714,
    0.04467346904979598,
    0.04461169853325813,
    0.043703028775991935,
    0.04312284555165998,
    0.042747511240022795,
    0.042461300004393826
  ],
  "val_loss": [
    0.05284351050048261,
    0.051172657794243584,
    0.04926796378316106,
    0.04873657281938437,
    0.04884540732647922,
    0.04796379009211386,
    0.0495940812334821,
    0.04613164525378395,
    0.046243822051061166,
    0.04535628225956414,
    0.046938581039776675,
    0.046247243075757415,
    0.04747022919960924,
    0.046866546812895184,
    0.04579509784643714,
    0.046015883116303266,
    0.04560738439495499,
    0.045911315778220024,
    0.045384655026970686,
    0.04541742585196688,
    0.04507005300272156,
    0.04623862834194222,
    0.046006619879925575,
    0.047054924825961526,
    0.04770989262977162,
    0.046250567847007026,
    0.04551621143882339,
    0.045892519221918004,
    0.0450432151556015,
    0.04482213035225868,
    0.06504685723701038,
    0.04766267689095961,
    0.04647809307317476,
    0.0467766392472628,
    0.04596207451981467,
    0.04568295251276042,
    0.04498919693602098,
    0.04480548011692795,
    0.04443894674045008,
    0.044321915386496366
  ],
  "train_miou": [
    0.9598755836486816,
    0.9732357263565063,
    0.9734928011894226,
    0.9737093448638916,
    0.9741163849830627,
    0.9744634628295898,
    0.9742646217346191,
    0.9747731685638428,
    0.9751336574554443,
    0.9750955104827881,
    0.9747128486633301,
    0.974174976348877,
    0.974541425704956,
    0.9745011329650879,
    0.974655032157898,
    0.974727988243103,
    0.9749635457992554,
    0.9741389751434326,
    0.9741567373275757,
    0.974509596824646,
    0.9750303030014038,
    0.9745670557022095,
    0.9743548631668091,
    0.9741104245185852,
    0.9743221402168274,
    0.9743419289588928,
    0.9742975831031799,
    0.9745700359344482,
    0.9746414422988892,
    0.9747480154037476,
    0.9740698933601379,
    0.973768949508667,
    0.9740240573883057,
    0.9738255143165588,
    0.9736140966415405,
    0.9738106727600098,
    0.9744904041290283,
    0.9747992753982544,
    0.9748713970184326,
    0.9751288890838623
  ],
  "val_miou": [
    0.9711701273918152,
    0.9724577069282532,
    0.9724371433258057,
    0.972762405872345,
    0.9726412296295166,
    0.9727277755737305,
    0.9726293087005615,
    0.9732270240783691,
    0.9731475114822388,
    0.9731433987617493,
    0.9724712371826172,
    0.9722672700881958,
    0.9712705016136169,
    0.9731957912445068,
    0.9735474586486816,
    0.9733902215957642,
    0.9729568958282471,
    0.9727939367294312,
    0.9731379151344299,
    0.9738776087760925,
    0.9735816717147827,
    0.9730232954025269,
    0.9732972383499146,
    0.9729856252670288,
    0.972004771232605,
    0.9727967977523804,
    0.9724069237709045,
    0.9723275899887085,
    0.9734694957733154,
    0.973324179649353,
    0.9725253582000732,
    0.9722979664802551,
    0.9722533226013184,
    0.972151517868042,
    0.9719095230102539,
    0.9725005626678467,
    0.9735283255577087,
    0.973376989364624,
    0.973099946975708,
    0.9733675122261047
  ],
  "train_dice": [
    0.9795205593109131,
    0.986433744430542,
    0.9865660667419434,
    0.9866770505905151,
    0.9868857860565186,
    0.9870642423629761,
    0.986961841583252,
    0.987223207950592,
    0.9874078631401062,
    0.9873886108398438,
    0.9871920943260193,
    0.9869159460067749,
    0.9871039986610413,
    0.9870834946632385,
    0.9871624708175659,
    0.9871998429298401,
    0.9873208403587341,
    0.9868975877761841,
    0.9869063496589661,
    0.9870879650115967,
    0.9873548746109009,
    0.9871175289154053,
    0.9870083332061768,
    0.9868829250335693,
    0.9869916439056396,
    0.9870015382766724,
    0.9869790077209473,
    0.9871188402175903,
    0.9871557354927063,
    0.9872101545333862,
    0.9868625402450562,
    0.9867074489593506,
    0.9868386387825012,
    0.9867366552352905,
    0.9866280555725098,
    0.9867290258407593,
    0.9870781898498535,
    0.9872366189956665,
    0.9872736930847168,
    0.9874054789543152
  ],
  "val_dice": [
    0.9853715896606445,
    0.986034095287323,
    0.9860235452651978,
    0.986190915107727,
    0.9861284494400024,
    0.9861729145050049,
    0.9861223101615906,
    0.9864296913146973,
    0.986388623714447,
    0.9863866567611694,
    0.9860410690307617,
    0.9859361052513123,
    0.9854230880737305,
    0.9864135384559631,
    0.9865941405296326,
    0.9865133762359619,
    0.9862907528877258,
    0.9862070083618164,
    0.9863837957382202,
    0.9867637157440186,
    0.9866117835044861,
    0.9863250255584717,
    0.9864656329154968,
    0.9863055944442749,
    0.9858012199401855,
    0.9862084984779358,
    0.9860079884529114,
    0.985967218875885,
    0.9865541458129883,
    0.9864795804023743,
    0.986068844795227,
    0.9859519004821777,
    0.985929012298584,
    0.985876739025116,
    0.9857521057128906,
    0.9860562682151794,
    0.9865843057632446,
    0.9865067005157471,
    0.9863641858100891,
    0.9865016937255859
  ],
  "lr": [
    1e-06,
    2.08e-05,
    4.06e-05,
    6.04e-05,
    8.02e-05,
    0.0001,
    9.98794204878613e-05,
    9.951826940270773e-05,
    9.891830623632339e-05,
    9.808245394894679e-05,
    9.701478472890247e-05,
    9.572050015330874e-05,
    9.420590584651689e-05,
    9.247838075974309e-05,
    9.05463412215599e-05,
    8.84191999343894e-05,
    8.610732011676324e-05,
    8.362196501476348e-05,
    8.097524302862009e-05,
    7.818004872180197e-05,
    7.525e-05,
    7.219937176605933e-05,
    6.904302637408766e-05,
    6.57963412215599e-05,
    6.247513383218355e-05,
    5.909558479451306e-05,
    5.5674158931748854e-05,
    5.2227525086773805e-05,
    4.877247491322622e-05,
    4.532584106825116e-05,
    4.190441520548695e-05,
    3.852486616781645e-05,
    3.5203658778440106e-05,
    3.195697362591235e-05,
    2.8800628233940664e-05,
    2.5750000000000013e-05,
    2.2819951278198042e-05,
    2.0024756971379916e-05,
    1.7378034985236535e-05,
    1.4892679883236778e-05
  ]
}